{
  "9836134e-b892-4283-b6b2-78b5acf3ed45": {
    "asset": 1633973482122,
    "meta": 1635077715169,
    "relativePath": "effects"
  },
  "f8e6b000-5643-4b86-9080-aa680ce1f599": {
    "asset": 1633973482211,
    "meta": 1635077715173,
    "relativePath": "image"
  },
  "5c3eedba-6c41-4c0c-9ba7-d91f813cbd1c": {
    "asset": 1633973482215,
    "meta": 1635077715176,
    "relativePath": "materials"
  },
  "fc09f9bd-2cce-4605-b630-8145ef809ed6": {
    "asset": 1633973482223,
    "meta": 1635077715179,
    "relativePath": "misc"
  },
  "db019bf7-f71c-4111-98cf-918ea180cb48": {
    "asset": 1633973482251,
    "meta": 1635077715185,
    "relativePath": "model"
  },
  "f6e6dd15-71d1-4ffe-ace7-24fd39942c05": {
    "asset": 1633973482259,
    "meta": 1635077715188,
    "relativePath": "obsolete"
  },
  "f743d2b6-b7ea-4c14-a55b-547ed4d0a045": {
    "asset": 1633973482267,
    "meta": 1635077715192,
    "relativePath": "particle"
  },
  "ae6c6c98-11e4-452f-8758-75f5c6a56e83": {
    "asset": 1633973482346,
    "meta": 1635077715195,
    "relativePath": "prefab"
  },
  "d8afc78c-4eac-4a9f-83dd-67bc70344d33": {
    "asset": 1633973482378,
    "meta": 1635077715198,
    "relativePath": "resources"
  },
  "abc2cb62-7852-4525-a90d-d474487b88f2": {
    "asset": 1633973482106,
    "meta": 1635077715492,
    "relativePath": "effects\\builtin-phong.effect"
  },
  "e2f00085-c597-422d-9759-52c360279106": {
    "asset": 1633973482113,
    "meta": 1635077715630,
    "relativePath": "effects\\builtin-toon.effect"
  },
  "430eccbf-bf2c-4e6e-8c0c-884bbb487f32": {
    "asset": 1633973482117,
    "meta": 1635077715675,
    "relativePath": "effects\\__builtin-editor-gizmo-line.effect"
  },
  "6c5cf6e1-b044-4eac-9431-835644d57381": {
    "asset": 1633973482119,
    "meta": 1635077715707,
    "relativePath": "effects\\__builtin-editor-gizmo-unlit.effect"
  },
  "115286d1-2e10-49ee-aab4-341583f607e8": {
    "asset": 1633973482122,
    "meta": 1635077715783,
    "relativePath": "effects\\__builtin-editor-gizmo.effect"
  },
  "b43ff3c2-02bb-4874-81f7-f2dea6970f18": {
    "asset": 1633973482144,
    "meta": 1635077715837,
    "relativePath": "image\\default_btn_pressed.png"
  },
  "71561142-4c83-4933-afca-cb7a17f67053": {
    "asset": 1633973482139,
    "meta": 1635077715854,
    "relativePath": "image\\default_btn_disabled.png"
  },
  "e851e89b-faa2-4484-bea6-5c01dd9f06e2": {
    "asset": 1633973482142,
    "meta": 1635077715842,
    "relativePath": "image\\default_btn_normal.png"
  },
  "600301aa-3357-4a10-b086-84f011fa32ba": {
    "asset": 1633973482134,
    "meta": 1635077715849,
    "relativePath": "image\\default-particle.png"
  },
  "edd215b9-2796-4a05-aaf5-81f96c9281ce": {
    "asset": 1633973482147,
    "meta": 1635077715887,
    "relativePath": "image\\default_editbox_bg.png"
  },
  "d81ec8ad-247c-4e62-aa3c-d35c4193c7af": {
    "asset": 1633973482149,
    "meta": 1635077715882,
    "relativePath": "image\\default_panel.png"
  },
  "cfef78f1-c8df-49b7-8ed0-4c953ace2621": {
    "asset": 1633973482152,
    "meta": 1635077715897,
    "relativePath": "image\\default_progressbar.png"
  },
  "99170b0b-d210-46f1-b213-7d9e3f23098a": {
    "asset": 1633973482154,
    "meta": 1635077715892,
    "relativePath": "image\\default_progressbar_bg.png"
  },
  "567dcd80-8bf4-4535-8a5a-313f1caf078a": {
    "asset": 1633973482160,
    "meta": 1635077715943,
    "relativePath": "image\\default_radio_button_off.png"
  },
  "9d60001f-b5f4-4726-a629-2659e3ded0b8": {
    "asset": 1633973482162,
    "meta": 1635077715928,
    "relativePath": "image\\default_radio_button_on.png"
  },
  "0291c134-b3da-4098-b7b5-e397edbe947f": {
    "asset": 1633973482166,
    "meta": 1635077715933,
    "relativePath": "image\\default_scrollbar.png"
  },
  "4bab67cb-18e6-4099-b840-355f0473f890": {
    "asset": 1633973482169,
    "meta": 1635077715938,
    "relativePath": "image\\default_scrollbar_bg.png"
  },
  "d6d3ca85-4681-47c1-b5dd-d036a9d39ea2": {
    "asset": 1633973482171,
    "meta": 1635077715984,
    "relativePath": "image\\default_scrollbar_vertical.png"
  },
  "0275e94c-56a7-410f-bd1a-fc7483f7d14a": {
    "asset": 1633973482191,
    "meta": 1635077715973,
    "relativePath": "image\\default_sprite_splash.png"
  },
  "617323dd-11f4-4dd3-8eec-0caf6b3b45b9": {
    "asset": 1633973482175,
    "meta": 1635077715979,
    "relativePath": "image\\default_scrollbar_vertical_bg.png"
  },
  "6e056173-d285-473c-b206-40a7fff5386e": {
    "asset": 1633973482179,
    "meta": 1635077715988,
    "relativePath": "image\\default_sprite.png"
  },
  "d29077ba-1627-4a72-9579-7b56a235340c": {
    "asset": 1633973482205,
    "meta": 1635077716697,
    "relativePath": "image\\default_toggle_normal.png"
  },
  "73a0903d-d80e-4e3c-aa67-f999543c08f5": {
    "asset": 1633973482194,
    "meta": 1635077716025,
    "relativePath": "image\\default_toggle_checkmark.png"
  },
  "e39e96e6-6f6e-413f-bcf1-ac7679bb648a": {
    "asset": 1633973482246,
    "meta": 1635077716039,
    "relativePath": "model\\prefab"
  },
  "b181c1e4-0a72-4a91-bfb0-ae6f36ca60bd": {
    "asset": 1633973482208,
    "meta": 1635077716031,
    "relativePath": "image\\default_toggle_pressed.png"
  },
  "c4480a0a-6ac5-443f-8b40-361a14257fc8": {
    "asset": 1633973482215,
    "meta": 1635077717860,
    "relativePath": "materials\\builtin-phong.mtl"
  },
  "c25b9d50-c8fc-4d27-beeb-6e7c1f2e5c0f": {
    "asset": 1633973482197,
    "meta": 1635077716035,
    "relativePath": "image\\default_toggle_disabled.png"
  },
  "2be36297-9abb-4fee-8049-9ed5e271da8a": {
    "asset": 1633973482222,
    "meta": 1635077716746,
    "relativePath": "misc\\default_video.mp4"
  },
  "897ef7a1-4860-4f64-968d-f5924b18668a": {
    "asset": 1633973482271,
    "meta": 1635077716754,
    "relativePath": "prefab\\2d-camera.prefab"
  },
  "8a96b965-2dc0-4e03-aa90-3b79cb93b5b4": {
    "asset": 1633973482257,
    "meta": 1635077716788,
    "relativePath": "obsolete\\atom.png"
  },
  "70d7cdb0-04cd-41bb-9480-c06a4785f386": {
    "asset": 1633973482275,
    "meta": 1635077716761,
    "relativePath": "prefab\\3d-camera.prefab"
  },
  "70bbeb73-6dc2-4ee4-8faf-76b3a0e34ec4": {
    "asset": 1633973482277,
    "meta": 1635077716775,
    "relativePath": "prefab\\3d-particle.prefab"
  },
  "d0a82d39-bede-46c4-b698-c81ff0dedfff": {
    "asset": 1633973482265,
    "meta": 1635077716793,
    "relativePath": "particle\\atom.png"
  },
  "ed88f13d-fcad-4848-aa35-65a2cb973584": {
    "asset": 1633973482281,
    "meta": 1635077716783,
    "relativePath": "prefab\\3d-stage.prefab"
  },
  "972b9a4d-47ee-4c74-b5c3-61d8a69bc29f": {
    "asset": 1633973482283,
    "meta": 1635077716801,
    "relativePath": "prefab\\button.prefab"
  },
  "2c937608-2562-40ea-b264-7395df6f0cea": {
    "asset": 1633973482285,
    "meta": 1635077716806,
    "relativePath": "prefab\\canvas.prefab"
  },
  "61aeb05b-3b32-452b-8eed-2b76deeed554": {
    "asset": 1633973482288,
    "meta": 1635077716814,
    "relativePath": "prefab\\editbox.prefab"
  },
  "a3ee0214-b432-4865-9666-4a3211814282": {
    "asset": 1633973482306,
    "meta": 1635077716816,
    "relativePath": "prefab\\light"
  },
  "27756ebb-3d33-44b0-9b96-e858fadd4dd4": {
    "asset": 1633973482290,
    "meta": 1635077716823,
    "relativePath": "prefab\\label.prefab"
  },
  "785a442c-3ceb-45be-a46e-7317f625f3b9": {
    "asset": 1633973482293,
    "meta": 1635077716829,
    "relativePath": "prefab\\layout.prefab"
  },
  "ca8401fe-ad6e-41a8-bd46-8e3e4e9945be": {
    "asset": 1633973482307,
    "meta": 1635077716835,
    "relativePath": "prefab\\pageview.prefab"
  },
  "cd33edea-55f5-46c2-958d-357a01384a36": {
    "asset": 1633973482310,
    "meta": 1635077716841,
    "relativePath": "prefab\\particlesystem.prefab"
  },
  "5965ffac-69da-4b55-bcde-9225d0613c28": {
    "asset": 1633973482314,
    "meta": 1635077716847,
    "relativePath": "prefab\\progressBar.prefab"
  },
  "4a37dd57-78cd-4cec-aad4-f11a73d12b63": {
    "asset": 1633973482316,
    "meta": 1635077716853,
    "relativePath": "prefab\\richtext.prefab"
  },
  "32044bd2-481f-4cf1-a656-e2b2fb1594eb": {
    "asset": 1633973482319,
    "meta": 1635077716860,
    "relativePath": "prefab\\scrollview.prefab"
  },
  "0004d1cf-a0ad-47d8-ab17-34d3db9d35a3": {
    "asset": 1633973482321,
    "meta": 1635077716866,
    "relativePath": "prefab\\slider.prefab"
  },
  "96083d03-c332-4a3f-9386-d03e2d19e8ee": {
    "asset": 1633973482323,
    "meta": 1635077716871,
    "relativePath": "prefab\\sprite.prefab"
  },
  "1f55e3be-b89b-4b79-88de-47fd31018044": {
    "asset": 1633973482326,
    "meta": 1635077716876,
    "relativePath": "prefab\\sprite_splash.prefab"
  },
  "b2687ac4-099e-403c-a192-ff477686f4f5": {
    "asset": 1633973482263,
    "meta": 1635077717930,
    "relativePath": "particle\\atom.plist"
  },
  "7de03a80-4457-438d-95a7-3e7cdffd6086": {
    "asset": 1633973482329,
    "meta": 1635077716882,
    "relativePath": "prefab\\tiledmap.prefab"
  },
  "b8223619-7e38-47c4-841f-9160c232495a": {
    "asset": 1633973482255,
    "meta": 1635077717925,
    "relativePath": "obsolete\\atom.plist"
  },
  "0e42ba95-1fa1-46aa-b2cf-143cd1bcee2c": {
    "asset": 1633973482330,
    "meta": 1635077716888,
    "relativePath": "prefab\\tiledtile.prefab"
  },
  "0d784963-d024-4ea6-a7db-03be0ad63010": {
    "asset": 1633973482334,
    "meta": 1635077716894,
    "relativePath": "prefab\\toggle.prefab"
  },
  "bf0a434c-84dd-4a8e-a08a-7a36f180cc75": {
    "asset": 1633973482335,
    "meta": 1635077716902,
    "relativePath": "prefab\\toggleContainer.prefab"
  },
  "d1b8be49-b0a0-435c-83b7-552bed4bbe35": {
    "asset": 1633973482339,
    "meta": 1635077716909,
    "relativePath": "prefab\\toggleGroup.prefab"
  },
  "294c1663-4adf-4a1e-a795-53808011a38a": {
    "asset": 1633973482376,
    "meta": 1635077716913,
    "relativePath": "resources\\effects"
  },
  "bbee2217-c261-49bd-a8ce-708d6bcc3500": {
    "asset": 1633973482403,
    "meta": 1635077716916,
    "relativePath": "resources\\materials"
  },
  "232d2782-c4bd-4bb4-9e01-909f03d6d3b9": {
    "asset": 1633973482342,
    "meta": 1635077716922,
    "relativePath": "prefab\\videoplayer.prefab"
  },
  "8c5001fd-07ee-4a4b-a8a0-63e15195e94d": {
    "asset": 1633973482345,
    "meta": 1635077716927,
    "relativePath": "prefab\\webview.prefab"
  },
  "a87cc147-01b2-43f8-8e42-a7ca90b0c757": {
    "asset": 1633973482229,
    "meta": 1635077716937,
    "relativePath": "model\\prefab\\box.prefab"
  },
  "fe1417b6-fe6b-46a4-ae7c-9fd331f33a2a": {
    "asset": 1633973482231,
    "meta": 1635077716991,
    "relativePath": "model\\prefab\\capsule.prefab"
  },
  "b5fc2cf2-7942-483d-be1f-bbeadc4714ad": {
    "asset": 1633973482233,
    "meta": 1635077716943,
    "relativePath": "model\\prefab\\cone.prefab"
  },
  "1c5e4038-953a-44c2-b620-0bbfc6170477": {
    "asset": 1633973482236,
    "meta": 1635077716950,
    "relativePath": "model\\prefab\\cylinder.prefab"
  },
  "3f376125-a699-40ca-ad05-04d662eaa1f2": {
    "asset": 1633973482238,
    "meta": 1635077716955,
    "relativePath": "model\\prefab\\plane.prefab"
  },
  "6c9ef10d-b479-420b-bfe6-39cdda6a8ae0": {
    "asset": 1633973482241,
    "meta": 1635077716962,
    "relativePath": "model\\prefab\\quad.prefab"
  },
  "2d9a4b85-b0ab-4c46-84c5-18f393ab2058": {
    "asset": 1633973482243,
    "meta": 1635077716969,
    "relativePath": "model\\prefab\\sphere.prefab"
  },
  "de510076-056b-484f-b94c-83bef217d0e1": {
    "asset": 1633973482246,
    "meta": 1635077716979,
    "relativePath": "model\\prefab\\torus.prefab"
  },
  "61906da3-7003-4bda-9abc-5769c76faee4": {
    "asset": 1633973482297,
    "meta": 1635077716985,
    "relativePath": "prefab\\light\\ambient.prefab"
  },
  "ddb99b39-7004-47cd-9705-751905c43c46": {
    "asset": 1633973482300,
    "meta": 1635077716997,
    "relativePath": "prefab\\light\\directional.prefab"
  },
  "30682f87-9f0d-4f17-8a44-72863791461b": {
    "asset": 1633973482351,
    "meta": 1635077717061,
    "relativePath": "resources\\effects\\builtin-2d-graphics.effect"
  },
  "144c3297-af63-49e8-b8ef-1cfa29b3be28": {
    "asset": 1633973482354,
    "meta": 1635077717114,
    "relativePath": "resources\\effects\\builtin-2d-gray-sprite.effect"
  },
  "0cf30284-9073-46bc-9eba-e62b69dbbff3": {
    "asset": 1633973482302,
    "meta": 1635077717068,
    "relativePath": "prefab\\light\\point.prefab"
  },
  "f18742d7-56d2-4eb5-ae49-2d9d710b37c8": {
    "asset": 1633973482356,
    "meta": 1635077717168,
    "relativePath": "resources\\effects\\builtin-2d-label.effect"
  },
  "0e93aeaa-0b53-4e40-b8e0-6268b4e07bd7": {
    "asset": 1633973482358,
    "meta": 1635077717211,
    "relativePath": "resources\\effects\\builtin-2d-spine.effect"
  },
  "2874f8dd-416c-4440-81b7-555975426e93": {
    "asset": 1633973482362,
    "meta": 1635077717244,
    "relativePath": "resources\\effects\\builtin-2d-sprite.effect"
  },
  "f5331fd2-bf42-4ee3-a3fd-3e1657600eff": {
    "asset": 1633973482305,
    "meta": 1635077717565,
    "relativePath": "prefab\\light\\spot.prefab"
  },
  "829a282c-b049-4019-bd38-5ace8d8a6417": {
    "asset": 1633973482364,
    "meta": 1635077717446,
    "relativePath": "resources\\effects\\builtin-3d-particle.effect"
  },
  "2a7c0036-e0b3-4fe1-8998-89a54b8a2bec": {
    "asset": 1633973482368,
    "meta": 1635077717523,
    "relativePath": "resources\\effects\\builtin-3d-trail.effect"
  },
  "c0040c95-c57f-49cd-9cbc-12316b73d0d4": {
    "asset": 1633973482372,
    "meta": 1635077717561,
    "relativePath": "resources\\effects\\builtin-clear-stencil.effect"
  },
  "6d91e591-4ce0-465c-809f-610ec95019c6": {
    "asset": 1633973482375,
    "meta": 1635077717619,
    "relativePath": "resources\\effects\\builtin-unlit.effect"
  },
  "a153945d-2511-4c14-be7b-05d242f47d57": {
    "asset": 1633973482383,
    "meta": 1635077717988,
    "relativePath": "resources\\materials\\builtin-2d-graphics.mtl"
  },
  "6f801092-0c37-4f30-89ef-c8d960825b36": {
    "asset": 1633973482380,
    "meta": 1635077717984,
    "relativePath": "resources\\materials\\builtin-2d-base.mtl"
  },
  "3a7bb79f-32fd-422e-ada2-96f518fed422": {
    "asset": 1633973482386,
    "meta": 1635077717991,
    "relativePath": "resources\\materials\\builtin-2d-gray-sprite.mtl"
  },
  "7afd064b-113f-480e-b793-8817d19f63c3": {
    "asset": 1633973482390,
    "meta": 1635077717995,
    "relativePath": "resources\\materials\\builtin-2d-spine.mtl"
  },
  "e02d87d4-e599-4d16-8001-e14891ac6506": {
    "asset": 1633973482387,
    "meta": 1635077718002,
    "relativePath": "resources\\materials\\builtin-2d-label.mtl"
  },
  "eca5d2f2-8ef6-41c2-bbe6-f9c79d09c432": {
    "asset": 1633973482393,
    "meta": 1635077717999,
    "relativePath": "resources\\materials\\builtin-2d-sprite.mtl"
  },
  "466d4f9b-e5f4-4ea8-85d5-3c6e9a65658a": {
    "asset": 1633973482398,
    "meta": 1635077718013,
    "relativePath": "resources\\materials\\builtin-3d-trail.mtl"
  },
  "432fa09c-cf03-4cff-a186-982604408a07": {
    "asset": 1633973482395,
    "meta": 1635077718009,
    "relativePath": "resources\\materials\\builtin-3d-particle.mtl"
  },
  "cf7e0bb8-a81c-44a9-ad79-d28d43991032": {
    "asset": 1633973482400,
    "meta": 1635077718006,
    "relativePath": "resources\\materials\\builtin-clear-stencil.mtl"
  },
  "2a296057-247c-4a1c-bbeb-0548b6c98650": {
    "asset": 1633973482403,
    "meta": 1635077718016,
    "relativePath": "resources\\materials\\builtin-unlit.mtl"
  },
  "954fec8b-cd16-4bb9-a3b7-7719660e7558": {
    "asset": 1633973482250,
    "meta": 1635077724200,
    "relativePath": "model\\primitives.fbx"
  },
  "03c8cd0b-f35c-403d-b65b-cc4cdda6141a": {
    "asset": 1634911628356,
    "meta": 1634911628376,
    "relativePath": "scene\\index.fire"
  },
  "73322b85-1c57-41cb-bd1c-5f811105ea08": {
    "asset": 1634960398700,
    "meta": 1635077725152,
    "relativePath": "script"
  },
  "20e68308-90f7-41a3-bc52-5992447fb6e2": {
    "asset": 1634965111680,
    "meta": 1635077725149,
    "relativePath": "scene"
  },
  "7a2b9a9b-8092-489f-a357-1e0a2e570d0b": {
    "asset": 1634965960247,
    "meta": 1635077725147,
    "relativePath": "resources"
  },
  "697d1f29-7001-423f-9c4d-d93c44b91914": {
    "asset": 1634797406584,
    "meta": 1634797406629,
    "relativePath": "resources\\texture\\sy.png"
  },
  "748ebbb7-fbfe-497b-8ca3-279abe968f86": {
    "asset": 1634797406585,
    "meta": 1634797406635,
    "relativePath": "resources\\texture\\qp.png"
  },
  "67345127-3d4a-41f6-b0cd-8bf9a7bb892b": {
    "asset": 1634797406585,
    "meta": 1634797406642,
    "relativePath": "resources\\texture\\bs.png"
  },
  "47b8aa37-acab-4322-bc35-f11461b4fc5f": {
    "asset": 1634798723734,
    "meta": 1634798723794,
    "relativePath": "resources\\texture\\dlzx.png"
  },
  "97034aeb-6aa6-43f1-9e40-4395b289ba15": {
    "asset": 1634798723735,
    "meta": 1634798723799,
    "relativePath": "resources\\texture\\czjl.png"
  },
  "57e68ac2-8ac1-492c-afde-f70fd4ef4d41": {
    "asset": 1634798723734,
    "meta": 1634798723802,
    "relativePath": "resources\\texture\\zjmx.png"
  },
  "53f0df4c-ccdf-4d74-a405-a670e4111cb0": {
    "asset": 1634798723734,
    "meta": 1634798723804,
    "relativePath": "resources\\texture\\aqtc.png"
  },
  "7b2daafe-f496-4c9f-89b6-6244f6a38e53": {
    "asset": 1634798723735,
    "meta": 1634798723822,
    "relativePath": "resources\\texture\\txjl.png"
  },
  "782d47c7-c3a5-4903-a999-4c6947a979ff": {
    "asset": 1634798830172,
    "meta": 1634798830206,
    "relativePath": "resources\\texture\\aqzx.png"
  },
  "d524927b-b3dd-402c-a17b-eefc8b9ec825": {
    "asset": 1634798962686,
    "meta": 1634798962713,
    "relativePath": "resources\\texture\\mz.png"
  },
  "6b4dbcf1-f1fd-4daa-a622-ee957ef59b70": {
    "asset": 1634799145258,
    "meta": 1634799145293,
    "relativePath": "resources\\texture\\grzx.png"
  },
  "5d9cd77a-f91f-4425-a173-66610eec260b": {
    "asset": 1634799160579,
    "meta": 1634799160606,
    "relativePath": "resources\\texture\\gg.png"
  },
  "b747e632-0f2d-441e-aa44-c71088ea892c": {
    "asset": 1634800250798,
    "meta": 1634800250832,
    "relativePath": "resources\\texture\\username-on.png"
  },
  "622ac20e-5b24-4682-ac7c-8e08445e6316": {
    "asset": 1634800250798,
    "meta": 1634800250837,
    "relativePath": "resources\\texture\\username.png"
  },
  "5cc5d9d7-9f65-498c-afc7-2268532710e5": {
    "asset": 1634800867438,
    "meta": 1634800867519,
    "relativePath": "resources\\texture\\jilu2.png"
  },
  "dff08232-edab-4905-9152-a0cd37078d13": {
    "asset": 1634800867438,
    "meta": 1634800867524,
    "relativePath": "resources\\texture\\shouye1.png"
  },
  "e864b861-dcc1-4785-b6dc-2934347dc291": {
    "asset": 1634800867438,
    "meta": 1634800867529,
    "relativePath": "resources\\texture\\jilu1.png"
  },
  "f84a4e6e-b9e8-4d18-bcbd-e9a8bc3ae064": {
    "asset": 1634800867439,
    "meta": 1634800867533,
    "relativePath": "resources\\texture\\dating2.png"
  },
  "542a12b1-7c69-4317-8b60-87db22cb7728": {
    "asset": 1634800867439,
    "meta": 1634800867559,
    "relativePath": "resources\\texture\\wode1.png"
  },
  "7f09dc74-a065-4d72-a244-d8932cc0c203": {
    "asset": 1634800867439,
    "meta": 1634800867564,
    "relativePath": "resources\\texture\\shouye2.png"
  },
  "2f7012ec-b7fb-490f-95bf-e6bc96c308c9": {
    "asset": 1634800867439,
    "meta": 1634800867568,
    "relativePath": "resources\\texture\\huodong2.png"
  },
  "d9f1149c-7213-455c-a6f8-f900e011e752": {
    "asset": 1634800867439,
    "meta": 1634800867571,
    "relativePath": "resources\\texture\\wode2.png"
  },
  "fe6c4533-c820-4017-b123-07c0cce21f47": {
    "asset": 1634800867440,
    "meta": 1634800867589,
    "relativePath": "resources\\texture\\dating1.png"
  },
  "0c91942c-733b-4030-84ae-6f897001361f": {
    "asset": 1634800867441,
    "meta": 1634800867592,
    "relativePath": "resources\\texture\\huodong1.png"
  },
  "2c5213ae-1f92-4d98-96fc-1bff4b73ae49": {
    "asset": 1634801763585,
    "meta": 1634801763650,
    "relativePath": "resources\\texture\\FFC.png"
  },
  "e040f756-7749-47bd-a71e-3db9d7510cdf": {
    "asset": 1634801763586,
    "meta": 1634801763654,
    "relativePath": "resources\\texture\\WFC.png"
  },
  "15e73906-7c7e-40a4-bda1-f6278a96446a": {
    "asset": 1634801763585,
    "meta": 1634801763656,
    "relativePath": "resources\\texture\\EFC.png"
  },
  "28b1c9a9-2a5a-4728-b5db-a5c318de1a72": {
    "asset": 1634801763586,
    "meta": 1634801763659,
    "relativePath": "resources\\texture\\SFSC.png"
  },
  "bed05ee1-97ce-45ac-9583-377f62e596bc": {
    "asset": 1634802695128,
    "meta": 1634802695171,
    "relativePath": "resources\\texture\\banner3.png"
  },
  "eaec91f8-481b-46ee-882d-8cccc9ce7589": {
    "asset": 1634802901801,
    "meta": 1634802901849,
    "relativePath": "resources\\texture\\bb.png"
  },
  "8e6c372a-8304-49c4-9acc-cd843f9757a4": {
    "asset": 1634802968948,
    "meta": 1634802969013,
    "relativePath": "resources\\texture\\agty.png"
  },
  "b4f3cf26-869b-4d6b-a9de-902ebcf69331": {
    "asset": 1634802968948,
    "meta": 1634802969017,
    "relativePath": "resources\\texture\\agby.png"
  },
  "944722c2-7370-4680-ab22-ababc2e19037": {
    "asset": 1634802968948,
    "meta": 1634802969020,
    "relativePath": "resources\\texture\\kyqp.png"
  },
  "8469f09c-c612-4261-ab57-c6455c1a1f04": {
    "asset": 1634802968949,
    "meta": 1634802969023,
    "relativePath": "resources\\texture\\kyby.png"
  },
  "3b4372fa-c04a-45d0-a62b-913ae316d701": {
    "asset": 1634803048320,
    "meta": 1634803048365,
    "relativePath": "resources\\texture\\aqp.png"
  },
  "5fb3030c-a052-4a11-9582-34c0256717c2": {
    "asset": 1635092107144,
    "meta": 1635092107320,
    "relativePath": "scene\\ffc.fire"
  },
  "cb9107b8-4f99-4356-8235-393c2fd9b002": {
    "asset": 1634812469494,
    "meta": 1634812469528,
    "relativePath": "resources\\texture\\157.png"
  },
  "273c7a69-8de7-41cf-a6f7-c56873736957": {
    "asset": 1634812521978,
    "meta": 1634812522013,
    "relativePath": "resources\\texture\\arrow1.png"
  },
  "432a2716-b114-41aa-a8dd-58161b34fa5c": {
    "asset": 1634812538633,
    "meta": 1634818675040,
    "relativePath": "resources\\texture\\but001.png"
  },
  "2468420e-66b7-4224-bdec-594fb8759e32": {
    "asset": 1634812959538,
    "meta": 1634812959568,
    "relativePath": "resources\\texture\\jj_login_spin_btn_n.png"
  },
  "152b9fe7-cb50-4572-89b6-f41b6db0624f": {
    "asset": 1634813268289,
    "meta": 1634813268324,
    "relativePath": "resources\\texture\\match_item_detail_signup_new_btn_disable.png"
  },
  "8eb9b51f-4db6-4c59-9a29-1327354786b9": {
    "asset": 1634813627676,
    "meta": 1634813627704,
    "relativePath": "resources\\texture\\play_bg_p.png"
  },
  "e52c25bb-390b-4694-9103-35da88d43255": {
    "asset": 1634814088403,
    "meta": 1634814088436,
    "relativePath": "resources\\texture\\roar_group_apply_input.png"
  },
  "5deef183-b12b-4b4e-945c-d08c8a45d7ca": {
    "asset": 1634814656261,
    "meta": 1634815310131,
    "relativePath": "resources\\texture\\zjm_touxiangkuang_2_2.png"
  },
  "f1a540b1-340d-4b48-a331-d87c43fd6eab": {
    "asset": 1634814656261,
    "meta": 1634815154452,
    "relativePath": "resources\\texture\\zjm_touxiangkuangxiao.png"
  },
  "e5b7ab27-87f1-40f6-b709-fa8e27ddb8dd": {
    "asset": 1634815334585,
    "meta": 1634815334612,
    "relativePath": "resources\\texture\\zjm_touxiangkuang_1_1.png"
  },
  "2388297e-b23d-44ae-8db9-25a5cc12d2c2": {
    "asset": 1634815526043,
    "meta": 1634818990499,
    "relativePath": "resources\\texture\\but002.png"
  },
  "e1699394-7c4e-4e9f-b14c-cbbb25e74c2e": {
    "asset": 1634816334460,
    "meta": 1634816334494,
    "relativePath": "resources\\texture\\ump_select_bank_show_press.png"
  },
  "cd21a030-fca8-4444-ba40-bcfec1e87854": {
    "asset": 1634816594155,
    "meta": 1634816594233,
    "relativePath": "resources\\texture\\223.png"
  },
  "8fb6e14e-5a70-4823-90a9-21914aa41f68": {
    "asset": 1634816594155,
    "meta": 1634816594240,
    "relativePath": "resources\\texture\\623.png"
  },
  "87c31830-2750-43f2-883d-59ddc096fcb1": {
    "asset": 1634816594155,
    "meta": 1634816594244,
    "relativePath": "resources\\texture\\5232.png"
  },
  "1ca37881-7155-4208-821b-42cbb1d4943c": {
    "asset": 1634816594155,
    "meta": 1634816594247,
    "relativePath": "resources\\texture\\4111.png"
  },
  "d0d2edf8-05f4-4e5f-9e98-6bd7e2146890": {
    "asset": 1634816594156,
    "meta": 1634816594277,
    "relativePath": "resources\\texture\\211.png"
  },
  "adb03fb2-9bf1-423c-8426-690d72ba5945": {
    "asset": 1634816594155,
    "meta": 1634816594281,
    "relativePath": "resources\\texture\\1123.png"
  },
  "6d5f24a5-42fd-4e05-8972-7f584f3f770e": {
    "asset": 1634817363798,
    "meta": 1634817363841,
    "relativePath": "resources\\texture\\yellowBtn.png"
  },
  "cd854c8e-d985-48e7-bbbd-afdc70c34540": {
    "asset": 1634817381580,
    "meta": 1634817381612,
    "relativePath": "resources\\texture\\redBtn.png"
  },
  "81111079-5cf6-4734-9f66-fad04eb847d1": {
    "asset": 1634817614236,
    "meta": 1634817614267,
    "relativePath": "resources\\texture\\day_bg_2.png"
  },
  "5839d2fc-b26a-4fa3-a511-bc97a545c7b5": {
    "asset": 1634822487769,
    "meta": 1634822880928,
    "relativePath": "resources\\texture\\panel_bg.png"
  },
  "d43f57c2-8e53-4d92-a9d3-77ca0969a995": {
    "asset": 1634825256216,
    "meta": 1634825258759,
    "relativePath": "script\\bianse.ts"
  },
  "33504d17-41c5-4dd7-ad6c-c33247eab7c8": {
    "asset": 1635087813739,
    "meta": 1635087813750,
    "relativePath": "scene\\login.fire"
  },
  "24cd0d31-b27f-47c9-ad34-c15026d0d352": {
    "asset": 1634828951126,
    "meta": 1634828951170,
    "relativePath": "resources\\texture\\banner1.png"
  },
  "08ca3fea-d6b7-4186-aadf-df57a65b649e": {
    "asset": 1634829161908,
    "meta": 1634829161940,
    "relativePath": "resources\\texture\\register_btn_n.png"
  },
  "544b9ef6-9f11-4a8c-bbcf-970faf71f8f2": {
    "asset": 1634829554010,
    "meta": 1634829554045,
    "relativePath": "resources\\texture\\register_btn_small_green_n.png"
  },
  "4492ad8c-90bc-4e8b-bc2f-38acd7116be1": {
    "asset": 1634829737900,
    "meta": 1634829737932,
    "relativePath": "resources\\texture\\charge_player.png"
  },
  "c61c1950-3075-44ae-9176-6fb94cc1bd08": {
    "asset": 1634817106330,
    "meta": 1634830164634,
    "relativePath": "resources\\texture\\ump_key_button_sure_normall(1).png"
  },
  "ba22ba19-6025-4949-89f7-95354feff80e": {
    "asset": 1634800751498,
    "meta": 1634830164642,
    "relativePath": "resources\\texture\\_购物 (1).png"
  },
  "64f5bb9f-7109-4924-a9bc-58f632e3cac9": {
    "asset": 1634830726980,
    "meta": 1634830766093,
    "relativePath": "resources\\texture\\bg_errornote.png"
  },
  "05801e56-c12f-4fd0-8588-93d63e3db3fc": {
    "asset": 1634830996829,
    "meta": 1634830996864,
    "relativePath": "resources\\texture\\pay_float_input_clean.png"
  },
  "d9dda147-cef6-4afe-b4c6-d103b57f51cb": {
    "asset": 1634831017584,
    "meta": 1634831017617,
    "relativePath": "resources\\texture\\pay_float_close_d.png"
  },
  "23cc97a5-902f-4917-b8dd-ca39382daaa3": {
    "asset": 1634836764032,
    "meta": 1634836764063,
    "relativePath": "resources\\texture\\arrow_down.png"
  },
  "86cbac12-9000-4c4a-9413-c5a87b6f9c86": {
    "asset": 1634836817682,
    "meta": 1634836817715,
    "relativePath": "resources\\texture\\arrow_up.png"
  },
  "d17f5f4d-24b8-41fb-9f30-59291bd1170e": {
    "asset": 1634836895020,
    "meta": 1634836970787,
    "relativePath": "resources\\texture\\feedback_bg.png"
  },
  "ce55255e-3e49-448c-a209-35accfee360e": {
    "asset": 1634838849525,
    "meta": 1634838987134,
    "relativePath": "script\\xiazhu.ts"
  },
  "5f0bd3dd-2e56-429b-a67f-8bba448974d7": {
    "asset": 1634840290159,
    "meta": 1634840292127,
    "relativePath": "script\\ffckaijiang.ts"
  },
  "efe0d5e6-f7fd-4dd9-b130-f02f3ebb411c": {
    "asset": 1635090729890,
    "meta": 1635090729936,
    "relativePath": "scene\\zhuihao.fire"
  },
  "0113e44f-77c0-4022-ac2f-afd6c911b3e6": {
    "asset": 1634872253616,
    "meta": 1634872253669,
    "relativePath": "resources\\texture\\bg_normal1.png"
  },
  "a9153ce4-a506-4124-9f8d-923303a4e406": {
    "asset": 1634872399903,
    "meta": 1634872399937,
    "relativePath": "resources\\texture\\head_male.png"
  },
  "fdf12129-51d9-4419-8933-cb6233eb600d": {
    "asset": 1634872802135,
    "meta": 1634872802168,
    "relativePath": "resources\\texture\\game_select_time.png"
  },
  "b0b3f643-0b8e-4c1a-9105-03faca363ba8": {
    "asset": 1634872934163,
    "meta": 1634872934195,
    "relativePath": "resources\\texture\\VIP_FanYe_1.png"
  },
  "759316e0-ff6a-46e9-b71a-422b24d93a54": {
    "asset": 1634873285365,
    "meta": 1634873285403,
    "relativePath": "resources\\texture\\roar_search_roar_btn.png"
  },
  "56a123e0-a097-46f3-92ee-e7e72fd2f23d": {
    "asset": 1634873285365,
    "meta": 1634873285408,
    "relativePath": "resources\\texture\\roar_search_roar_btn_pressed.png"
  },
  "7fcaa274-a6ad-41f4-bb2d-d691b40dee2d": {
    "asset": 1634873788646,
    "meta": 1634873829822,
    "relativePath": "resources\\texture\\ump_selectdate_btn_down.png"
  },
  "3f716e0b-641f-41d6-bdc5-77c31e6b6a93": {
    "asset": 1634873912877,
    "meta": 1634873912911,
    "relativePath": "resources\\texture\\1.png"
  },
  "289d1cb1-b610-4cfb-a734-850693550e20": {
    "asset": 1634874062463,
    "meta": 1634874110673,
    "relativePath": "resources\\texture\\btn_no_d(1).png"
  },
  "e049d596-6976-4c0e-96a7-f7923f5a6712": {
    "asset": 1634874062462,
    "meta": 1634874110677,
    "relativePath": "resources\\texture\\btn_yes_d(1).png"
  },
  "fca6f2fe-7137-4952-80c3-8c4637f0bbc9": {
    "asset": 1634877292871,
    "meta": 1634877292912,
    "relativePath": "resources\\texture\\11.png"
  },
  "5b0e5bc7-690d-40e6-9fbc-cf4c1da356f2": {
    "asset": 1634877381501,
    "meta": 1634877381535,
    "relativePath": "resources\\texture\\2.png"
  },
  "6478b1f7-39f4-4c6f-87e7-6b466541d970": {
    "asset": 1634878028021,
    "meta": 1634878028054,
    "relativePath": "resources\\texture\\88.png"
  },
  "eed98ceb-34e2-4e24-9e2c-17bca2a37edd": {
    "asset": 1634912729595,
    "meta": 1634917754301,
    "relativePath": "resources\\texture"
  },
  "77940c29-5893-4a0f-be35-e1e7a3d98325": {
    "asset": 1634965194029,
    "meta": 1635077725154,
    "relativePath": "resources\\precast "
  },
  "fbb6c31c-d9ce-4774-8bf6-267c5ad3fa65": {
    "asset": 1634879335304,
    "meta": 1634879335323,
    "relativePath": "resources\\precast \\xiala01.prefab"
  },
  "96265a3a-acd9-41a2-9a3a-8e9edbaa5663": {
    "asset": 1634878549368,
    "meta": 1634878549408,
    "relativePath": "resources\\texture\\menu_bg1.png"
  },
  "132a7617-a7ef-4e45-9c15-f5ae05c571cd": {
    "asset": 1634879202048,
    "meta": 1634879202886,
    "relativePath": "script\\xiala.ts"
  },
  "67da9abe-97f1-43e1-9878-b88949fc6164": {
    "asset": 1634881170882,
    "meta": 1634881171871,
    "relativePath": "script\\ffc.ts"
  },
  "28c24f71-e721-4716-8e39-a24c3e2f178f": {
    "asset": 1634910697449,
    "meta": 1634910699722,
    "relativePath": "script\\zhuihao.ts"
  },
  "c29d5b0c-6c9e-4d34-82c1-ab2de09081c2": {
    "asset": 1635092724545,
    "meta": 1635092724569,
    "relativePath": "scene\\dating.fire"
  },
  "4f4054d8-d0c3-4f6a-b40c-30e7f70bd491": {
    "asset": 1634956545187,
    "meta": 1634956545201,
    "relativePath": "scene\\huodong.fire"
  },
  "59d183a7-94c1-4bf9-bd46-7d690a72976a": {
    "asset": 1635090686814,
    "meta": 1635090686829,
    "relativePath": "scene\\jilu.fire"
  },
  "6e26f515-7d3e-4341-9a42-3f3fadc8f7ca": {
    "asset": 1635090724905,
    "meta": 1635090724924,
    "relativePath": "scene\\wode.fire"
  },
  "2e5689bb-b4bf-4018-9bb5-018f87e989e1": {
    "asset": 1634911387178,
    "meta": 1634911392555,
    "relativePath": "script\\index.ts"
  },
  "dff8fe46-f590-4474-ac35-6b250141e629": {
    "asset": 1634911556733,
    "meta": 1634911558997,
    "relativePath": "script\\changjinqh.ts"
  },
  "34e89d8d-9387-443f-b416-b9975f7a5261": {
    "asset": 1634911620298,
    "meta": 1634911620307,
    "relativePath": "resources\\precast \\xiabian.prefab"
  },
  "b4b1b206-cc89-4e07-adfe-dec248439119": {
    "asset": 1634915575404,
    "meta": 1634917754309,
    "relativePath": "resources\\texture\\dating"
  },
  "652bd57b-3af7-4cfb-93e0-47727eccb965": {
    "asset": 1634912955658,
    "meta": 1634912955840,
    "relativePath": "resources\\texture\\dating\\GD11X5.png"
  },
  "42132b44-fb6d-4f9a-a37f-b94c28f8b819": {
    "asset": 1634912955658,
    "meta": 1634912955845,
    "relativePath": "resources\\texture\\dating\\FFC.png"
  },
  "e77a20f5-959c-4b44-ba43-0acece197467": {
    "asset": 1634912955658,
    "meta": 1634912955851,
    "relativePath": "resources\\texture\\dating\\f1k3.png"
  },
  "c89ca08e-a6ef-4fe0-97c7-ec7d4edf869a": {
    "asset": 1634912955658,
    "meta": 1634912955856,
    "relativePath": "resources\\texture\\dating\\GSK3.png"
  },
  "fb940527-4661-41b7-ae85-d8286fd2175d": {
    "asset": 1634912955659,
    "meta": 1634912955897,
    "relativePath": "resources\\texture\\dating\\JSSB3.png"
  },
  "ab447c6e-18fa-45bb-856c-9d8025f47f2c": {
    "asset": 1634912955659,
    "meta": 1634912955903,
    "relativePath": "resources\\texture\\dating\\HBK3.png"
  },
  "b6c1cbd5-c1a6-49c8-a865-d627a900e553": {
    "asset": 1634912955659,
    "meta": 1634912955908,
    "relativePath": "resources\\texture\\dating\\GXK3.png"
  },
  "09253774-f2bd-4e2e-b6c9-5a3547077800": {
    "asset": 1634912955659,
    "meta": 1634912955913,
    "relativePath": "resources\\texture\\dating\\JND28.png"
  },
  "d42a3cf9-fe2e-4a42-a4f7-b7ec1f905b3a": {
    "asset": 1634912955659,
    "meta": 1634912955952,
    "relativePath": "resources\\texture\\dating\\JX11X5.png"
  },
  "ab3a2853-6488-45fe-90a3-eaf5f3c3f596": {
    "asset": 1634912955659,
    "meta": 1634912955958,
    "relativePath": "resources\\texture\\dating\\LHC.png"
  },
  "c5c33bf7-acf9-4234-94de-3bae3e41ce7a": {
    "asset": 1634912955659,
    "meta": 1634912955964,
    "relativePath": "resources\\texture\\dating\\JXK3.png"
  },
  "04ad1619-730d-40b9-bb9d-c2896e2b0a0e": {
    "asset": 1634912955659,
    "meta": 1634912955969,
    "relativePath": "resources\\texture\\dating\\HEBK3.png"
  },
  "b8e50bb0-7951-4579-b19e-21eeb4653e55": {
    "asset": 1634912955659,
    "meta": 1634912956005,
    "relativePath": "resources\\texture\\dating\\SD11X5.png"
  },
  "dd6c3a16-9d60-4f96-b287-d5552f5199d7": {
    "asset": 1634912955659,
    "meta": 1634912956010,
    "relativePath": "resources\\texture\\dating\\PL3.png"
  },
  "6f54a7ee-0c9a-4be7-b81a-784df8474bb6": {
    "asset": 1634912955659,
    "meta": 1634912956016,
    "relativePath": "resources\\texture\\dating\\SFSC.png"
  },
  "c0be0b4b-b0ec-4051-a79a-fe5f01ba3231": {
    "asset": 1634912955659,
    "meta": 1634912956024,
    "relativePath": "resources\\texture\\dating\\jlk3.png"
  },
  "3e5e6cfd-8091-411c-8b38-251e4b9ab221": {
    "asset": 1634912955659,
    "meta": 1634912956059,
    "relativePath": "resources\\texture\\dating\\SH11X5.png"
  },
  "2bca44cf-1e04-4ee2-8fd8-63fe11a2e9c4": {
    "asset": 1634912955659,
    "meta": 1634912956065,
    "relativePath": "resources\\texture\\dating\\PCEGG.png"
  },
  "1850703c-f646-4e93-99e3-2c674e50e339": {
    "asset": 1634912955659,
    "meta": 1634912956076,
    "relativePath": "resources\\texture\\dating\\SHHK3.png"
  },
  "d5c94750-137a-4294-9c55-f11dd456dddc": {
    "asset": 1634912955659,
    "meta": 1634912956081,
    "relativePath": "resources\\texture\\dating\\XJSSC.png"
  },
  "08c4ec2d-fc48-49a3-b492-4ccdc1406dad": {
    "asset": 1634912955659,
    "meta": 1634912956115,
    "relativePath": "resources\\texture\\dating\\AHK3.png"
  },
  "6e294f7e-ddd6-4dfe-a19b-319f6d84e6b5": {
    "asset": 1634912955659,
    "meta": 1634912956120,
    "relativePath": "resources\\texture\\dating\\BJK3.png"
  },
  "76375c39-5b20-435f-91f8-067f54236144": {
    "asset": 1634912955659,
    "meta": 1634912956124,
    "relativePath": "resources\\texture\\dating\\CQSSC.png"
  },
  "03967821-169f-4cc2-9a27-85fe590daaf1": {
    "asset": 1634912955659,
    "meta": 1634912956130,
    "relativePath": "resources\\texture\\dating\\XYFT.png"
  },
  "a505378f-dca4-4075-aee9-bd05b7abca52": {
    "asset": 1634912955659,
    "meta": 1634912956181,
    "relativePath": "resources\\texture\\dating\\WFC.png"
  },
  "735d6825-7f7c-433e-94b9-524e7155f961": {
    "asset": 1634912955659,
    "meta": 1634912956186,
    "relativePath": "resources\\texture\\dating\\df3d.png"
  },
  "816cd9ee-39c3-4df6-af0f-0f61ce49f92d": {
    "asset": 1634912955659,
    "meta": 1634912956191,
    "relativePath": "resources\\texture\\dating\\bjpk10.png"
  },
  "87e798c4-8f39-4dfd-8f14-f0d85b5b40cb": {
    "asset": 1634912955659,
    "meta": 1634912956201,
    "relativePath": "resources\\texture\\dating\\df11x5.png"
  },
  "b5720521-ecbc-44cc-8735-e33288fc1072": {
    "asset": 1634912955660,
    "meta": 1634912956259,
    "relativePath": "resources\\texture\\dating\\jsk3.png"
  },
  "655e4356-1c61-4efb-b5e3-89c4480524a1": {
    "asset": 1634912955661,
    "meta": 1634912956264,
    "relativePath": "resources\\texture\\dating\\FC3D.png"
  },
  "0849058b-03b0-4b16-a18c-70cdd7365f27": {
    "asset": 1634912955659,
    "meta": 1634912956267,
    "relativePath": "resources\\texture\\dating\\EFC.png"
  },
  "1658366e-4a84-4c01-b248-a78f361c1158": {
    "asset": 1634912955660,
    "meta": 1634912956290,
    "relativePath": "resources\\texture\\dating\\tjssc.png"
  },
  "d40328eb-f6b3-472c-9afc-5f46c57b14ed": {
    "asset": 1634912955662,
    "meta": 1634912956296,
    "relativePath": "resources\\texture\\dating\\dflhc.png"
  },
  "a68708c0-c2fc-4d05-8665-271889cedb54": {
    "asset": 1634913004939,
    "meta": 1634913004977,
    "relativePath": "resources\\texture\\dating\\uisy_022.png"
  },
  "733c1e08-b685-48b3-90f8-5e67ee984258": {
    "asset": 1634913045802,
    "meta": 1634913045837,
    "relativePath": "resources\\texture\\dating\\button-game_17.png"
  },
  "c301e5c9-dd4e-4f1a-81c2-4d86da9e588b": {
    "asset": 1634913134217,
    "meta": 1634913134261,
    "relativePath": "resources\\texture\\dating\\dating_119.png"
  },
  "7dd8b1c5-3b31-4cb6-9de2-05ca0a9a8edb": {
    "asset": 1634913231547,
    "meta": 1634913231576,
    "relativePath": "resources\\texture\\dating\\common_xuanzhongtai1.png"
  },
  "93693403-1940-49db-987b-824b12013219": {
    "asset": 1634913366494,
    "meta": 1634913366535,
    "relativePath": "resources\\texture\\dating\\match_205.png"
  },
  "3a9a51f1-0efe-4d15-b17c-e6e15c96bf41": {
    "asset": 1634913366494,
    "meta": 1634913366540,
    "relativePath": "resources\\texture\\dating\\match_206.png"
  },
  "4521e6c7-ba11-4505-983c-03e138e182dd": {
    "asset": 1634913478888,
    "meta": 1634913478922,
    "relativePath": "resources\\texture\\dating\\match_222.png"
  },
  "546902a4-baad-4159-af19-dd82fe88f402": {
    "asset": 1634913796986,
    "meta": 1634913797050,
    "relativePath": "resources\\texture\\dating\\dating_ft_081.png"
  },
  "7c6217e4-7b89-4e8d-8bd6-42df60bc11e7": {
    "asset": 1634913878782,
    "meta": 1634913878816,
    "relativePath": "resources\\texture\\dating\\account_list_bg.png"
  },
  "6ceab08c-46f4-443e-91f0-b7e7d6d6971a": {
    "asset": 1634914008677,
    "meta": 1634914008704,
    "relativePath": "resources\\texture\\dating\\create_room_titlebg_press.png"
  },
  "60318761-9ee5-4022-9355-c3822e9ed1a0": {
    "asset": 1634914136903,
    "meta": 1634914136937,
    "relativePath": "resources\\texture\\dating\\create_room_titlebg.png"
  },
  "4a2fd6ed-4e54-4b66-985b-8aa6b0b26797": {
    "asset": 1634914345051,
    "meta": 1634914345083,
    "relativePath": "resources\\texture\\dating\\icon_gold_1.png"
  },
  "63a2048d-4ba0-42b0-ae15-961044daea1c": {
    "asset": 1634914345051,
    "meta": 1634914345086,
    "relativePath": "resources\\texture\\dating\\input_nickname.png"
  },
  "b9ef5642-8fd5-4e56-ba48-cd5d7c3dedc8": {
    "asset": 1634914546354,
    "meta": 1634914546390,
    "relativePath": "resources\\texture\\dating\\brc_huoquchouma2.png"
  },
  "2f055127-7cb5-4fd1-bb0c-1b37ac447c13": {
    "asset": 1634914615678,
    "meta": 1634914615725,
    "relativePath": "resources\\texture\\dating\\uivip_031a.png"
  },
  "210a8013-748c-4f28-ad25-828376ef4896": {
    "asset": 1634914723588,
    "meta": 1634914723627,
    "relativePath": "resources\\texture\\dating\\zj_qianduode.png"
  },
  "f04c1327-3efa-4ca8-ada9-6152566cf036": {
    "asset": 1634914817001,
    "meta": 1634914817049,
    "relativePath": "resources\\texture\\dating\\uity_027.png"
  },
  "4c8b0671-90ea-4ec2-8d9c-aa314dabb4ba": {
    "asset": 1634915206082,
    "meta": 1634915206110,
    "relativePath": "resources\\texture\\dating\\btn_money_1.png"
  },
  "1bf49d38-2a4a-4b45-a549-7c8fe838c312": {
    "asset": 1634915523781,
    "meta": 1634915523818,
    "relativePath": "resources\\texture\\dating\\numBtnBg.png"
  },
  "b68e2626-4aed-4a9a-9024-4b4c69f6edee": {
    "asset": 1634915575400,
    "meta": 1634915610546,
    "relativePath": "resources\\texture\\dating\\btn_pressed.png"
  },
  "a8a8b55e-d5f7-45e6-a96f-3792aaf7bbed": {
    "asset": 1634953482294,
    "meta": 1634953482338,
    "relativePath": "resources\\huodong\\hall_act_title.png"
  },
  "f30bdd92-a1cf-4c0d-9390-97f8f4fbf0da": {
    "asset": 1634954114694,
    "meta": 1634954164120,
    "relativePath": "resources\\huodong"
  },
  "78baf783-9773-4a53-a5a3-a952e61e43bd": {
    "asset": 1634953920977,
    "meta": 1634953925163,
    "relativePath": "resources\\huodong\\2221.png"
  },
  "9482c8e7-bf4e-4f4a-8407-ff5dd8e30655": {
    "asset": 1634954025273,
    "meta": 1634954028366,
    "relativePath": "resources\\huodong\\fds.png"
  },
  "f6ba2d40-a410-44a9-b5bf-4605065fef4c": {
    "asset": 1635092705289,
    "meta": 1635092705304,
    "relativePath": "resources\\precast \\uisy_022.prefab"
  },
  "d4905bd8-6db9-4004-adfa-bc510ef048ca": {
    "asset": 1634957427928,
    "meta": 1634957427968,
    "relativePath": "resources\\wode\\get_hunhuan_bg_000001.png"
  },
  "ad3ed460-1725-4f7d-8008-7f707df79620": {
    "asset": 1634959861263,
    "meta": 1635077725157,
    "relativePath": "resources\\wode"
  },
  "a7ba7492-0597-4e90-a699-b3636c1cfce6": {
    "asset": 1634957570896,
    "meta": 1634957570951,
    "relativePath": "resources\\wode\\mz.png"
  },
  "a578ff0d-fc3f-42b3-b2c4-fde5b5f521ba": {
    "asset": 1634957570896,
    "meta": 1634957570956,
    "relativePath": "resources\\wode\\zj1.png"
  },
  "56d80061-a20a-47e7-8a55-ae480d58a6e8": {
    "asset": 1634957570896,
    "meta": 1634957570959,
    "relativePath": "resources\\wode\\wzj.png"
  },
  "13c0d45b-f8e3-47af-a7a9-6516b8083e97": {
    "asset": 1634957570896,
    "meta": 1634957570961,
    "relativePath": "resources\\wode\\cz1.png"
  },
  "bef30544-2d23-4ef3-bdb1-9078d8c0ae67": {
    "asset": 1634957570897,
    "meta": 1634957570981,
    "relativePath": "resources\\wode\\tx1.png"
  },
  "de836b66-c534-41bf-93ea-2806f75e0fb3": {
    "asset": 1634958161655,
    "meta": 1634958161688,
    "relativePath": "resources\\wode\\uirwv4_024.png"
  },
  "330b59c6-30b1-431f-ba64-ed8e5e11351b": {
    "asset": 1634958558786,
    "meta": 1634958558858,
    "relativePath": "resources\\wode\\dlzx.png"
  },
  "1454616e-07ca-41ca-80ea-9917c1d50595": {
    "asset": 1634958558786,
    "meta": 1634958558864,
    "relativePath": "resources\\wode\\txjl.png"
  },
  "b4a292ba-9d4c-4cdd-aa52-aa176461a6ef": {
    "asset": 1634958558786,
    "meta": 1634958558872,
    "relativePath": "resources\\wode\\aqtc.png"
  },
  "aadbcd8e-b49e-4329-adea-b55fcc25ac85": {
    "asset": 1634958558786,
    "meta": 1634958558898,
    "relativePath": "resources\\wode\\aq.png"
  },
  "2ddc3c9d-991f-4a77-8068-e5d4850dad0c": {
    "asset": 1634958558786,
    "meta": 1634958558902,
    "relativePath": "resources\\wode\\gg.png"
  },
  "af44e6bf-b016-4be4-9a4d-256a738c7f89": {
    "asset": 1634958558786,
    "meta": 1634958558907,
    "relativePath": "resources\\wode\\grzx.png"
  },
  "f615697c-d49c-4724-b1c6-6e2f87d787c7": {
    "asset": 1634958558786,
    "meta": 1634958558911,
    "relativePath": "resources\\wode\\btn-withdrawal.png"
  },
  "b9f86856-fc57-4a8c-b6fa-ad1f7b4e20b9": {
    "asset": 1634958558786,
    "meta": 1634958558936,
    "relativePath": "resources\\wode\\aqzx.png"
  },
  "f9d73d68-abb8-4ab9-9a9a-6a23c1f330c0": {
    "asset": 1634958558787,
    "meta": 1634958558939,
    "relativePath": "resources\\wode\\cz.png"
  },
  "6355f1fe-089b-42e7-b1d8-f90b0ebc41ab": {
    "asset": 1634958558786,
    "meta": 1634958558941,
    "relativePath": "resources\\wode\\wzgg.png"
  },
  "efcdee98-d16e-4234-9cfa-72bd006daf4f": {
    "asset": 1634958558786,
    "meta": 1634958558944,
    "relativePath": "resources\\wode\\czjl.png"
  },
  "f6c2c33f-fe1e-4343-a487-1302e1926da0": {
    "asset": 1634958760393,
    "meta": 1634958760429,
    "relativePath": "resources\\wode\\common_jiaobiao.png"
  },
  "97eed6a5-6637-4496-b294-5d7e48c316a3": {
    "asset": 1634959554484,
    "meta": 1634959554519,
    "relativePath": "resources\\wode\\ykbb.png"
  },
  "d947661d-50e9-4b9d-b223-3f1ff17571d8": {
    "asset": 1634959639042,
    "meta": 1634959639076,
    "relativePath": "resources\\wode\\tzjl.png"
  },
  "ea41f82f-f1c9-452b-a3b3-7fd85aac3f80": {
    "asset": 1634959639044,
    "meta": 1634959639079,
    "relativePath": "resources\\wode\\hdzx.png"
  },
  "574da3eb-7185-4441-97d2-f2eb9436342a": {
    "asset": 1634959861266,
    "meta": 1634959861355,
    "relativePath": "resources\\wode\\zjmx.png"
  },
  "d5bbcd67-c1a6-441d-81cc-079248539844": {
    "asset": 1635090674456,
    "meta": 1635090674470,
    "relativePath": "scene\\jiaoyijilu.fire"
  },
  "4bc6bc22-6557-4641-a9e9-7b4087283d0c": {
    "asset": 1635089534794,
    "meta": 1635089534810,
    "relativePath": "scene\\chongzhi.fire"
  },
  "d7523f05-d3c5-481a-9702-11a063d16296": {
    "asset": 1634961457714,
    "meta": 1634961466157,
    "relativePath": "resources\\chongzhi1.png"
  },
  "7c1e61fb-16ff-48a4-bc74-08a2105c31ce": {
    "asset": 1634961838101,
    "meta": 1634961838144,
    "relativePath": "resources\\0ali.png"
  },
  "42f80244-eac9-4093-85dc-6f53ca7b8f09": {
    "asset": 1634961838101,
    "meta": 1634961838147,
    "relativePath": "resources\\0wx.png"
  },
  "98af3f85-b437-47b0-aaf7-a71c3ce18664": {
    "asset": 1635090715685,
    "meta": 1635090715704,
    "relativePath": "scene\\tixian.fire"
  },
  "92019ce5-81a6-483e-9d2e-db71766c63ec": {
    "asset": 1634965194021,
    "meta": 1634965194029,
    "relativePath": "resources\\precast \\hunhuan.prefab"
  },
  "f0f1fb92-a3e9-43cc-ab9c-f4e7a66d3d92": {
    "asset": 1634965786800,
    "meta": 1634965786834,
    "relativePath": "resources\\dating_038.png"
  },
  "2fbf26d4-b6cf-4275-8208-0d165b327d2e": {
    "asset": 1634965832151,
    "meta": 1634965832181,
    "relativePath": "resources\\uizxgj_001.png"
  },
  "63d44011-7296-4d81-a6a4-c0f1f74d5757": {
    "asset": 1634965960243,
    "meta": 1634965960272,
    "relativePath": "resources\\guide_btn_close_normal.png"
  },
  "d8c015d8-3b50-4dfc-9a5f-94377d47ae17": {
    "asset": 1634966418906,
    "meta": 1634966420037,
    "relativePath": "script\\wode.ts"
  },
  "36aaa911-7d42-4cd8-b2cf-c77cabe3b16e": {
    "asset": 1635089252116,
    "meta": 1635089299464,
    "relativePath": "script\\mydb.ts"
  },
  "c1d8b276-281d-4f7b-a0fb-3fa489cf1fd7": {
    "asset": 1635090237051,
    "meta": 1635090265227,
    "relativePath": "script\\login.ts"
  },
  "673aac40-f977-4c12-abed-3dc45f115b5c": {
    "asset": 1635092647128,
    "meta": 1635092649513,
    "relativePath": "script\\dingbian.ts"
  },
  "3b0aca87-196b-433b-9958-54ff877b15e4": {
    "asset": 1635092596828,
    "meta": 1635092649547,
    "relativePath": "script\\dingbu.ts"
  }
}