{
  "version": "1.1.1",
  "windows": {
    "main": {
      "main": true,
      "url": "app://editor/index.html",
      "windowType": "dockable",
      "x": 0,
      "y": 0,
      "width": 1536,
      "height": 824,
      "layout": {
        "type": "dock-h",
        "children": [
          {
            "width": 204.0500030517578,
            "height": 710.2000122070312,
            "type": "dock-v",
            "children": [
              {
                "width": 204.0500030517578,
                "height": 278.8625183105469,
                "type": "panel",
                "active": 0,
                "children": [
                  "hierarchy"
                ]
              },
              {
                "width": 204.0500030517578,
                "height": 428.32501220703125,
                "type": "panel",
                "active": 0,
                "children": [
                  "assets",
                  "cloud-function"
                ]
              }
            ]
          },
          {
            "width": 304.07501220703125,
            "height": 710.2000122070312,
            "type": "panel",
            "active": 0,
            "children": [
              "inspector",
              "cocos-services"
            ]
          },
          {
            "width": 1008.2625122070312,
            "height": 710.2000122070312,
            "type": "dock-v",
            "children": [
              {
                "width": 1008.2625122070312,
                "height": 439.9875183105469,
                "type": "dock-h",
                "children": [
                  {
                    "width": 734.1875,
                    "height": 439.9875183105469,
                    "type": "panel",
                    "active": 0,
                    "children": [
                      "scene"
                    ]
                  },
                  {
                    "width": 271.0625,
                    "height": 439.9875183105469,
                    "type": "panel",
                    "active": 0,
                    "children": [
                      "game-window"
                    ]
                  }
                ]
              },
              {
                "width": 1008.2625122070312,
                "height": 267.20001220703125,
                "type": "panel",
                "active": 0,
                "children": [
                  "console",
                  "timeline"
                ]
              }
            ]
          }
        ]
      },
      "panels": [
        "hierarchy",
        "assets",
        "cloud-function",
        "inspector",
        "cocos-services",
        "scene",
        "game-window",
        "console",
        "timeline"
      ]
    },
    " common-asset-worker-worker": {},
    " build-worker-worker": {},
    "window-1635092739851": {},
    " compile-worker-worker": {}
  },
  "panels": {
    "project-settings": {
      "x": 480,
      "y": 132,
      "width": 600,
      "height": 564
    },
    "sprite-editor": {
      "x": -8,
      "y": -8,
      "width": 1552,
      "height": 840
    },
    "builder": {
      "x": 508,
      "y": 32,
      "width": 516,
      "height": 740
    },
    "preferences": {
      "x": 480,
      "y": 132,
      "width": 600,
      "height": 564
    },
    "game-window": {
      "x": 752,
      "y": 82,
      "width": 518,
      "height": 541
    }
  },
  "panelLabelWidth": {}
}
